,file_name,ID,Class,Emotion
0,03-01-06-01-02-02-02.wav,0,06,fearful
1,03-01-05-01-02-01-16.wav,1,05,angry
2,03-01-08-01-01-01-14.wav,2,08,surprise
3,03-01-06-01-02-02-16.wav,3,06,fearful
4,03-01-05-01-02-01-02.wav,4,05,angry
5,03-01-01-01-02-02-06.wav,5,01,nuteral
6,03-01-02-01-02-01-12.wav,6,02,calm
7,03-01-01-01-02-02-12.wav,7,01,nuteral
8,03-01-02-01-02-01-06.wav,8,02,calm
9,03-01-02-02-01-01-06.wav,9,02,calm
10,03-01-02-02-01-01-12.wav,10,02,calm
11,03-01-06-02-01-02-16.wav,11,06,fearful
12,03-01-05-02-01-01-02.wav,12,05,angry
13,03-01-08-02-02-01-14.wav,13,08,surprise
14,03-01-06-02-01-02-02.wav,14,06,fearful
15,03-01-05-02-01-01-16.wav,15,05,angry
16,03-01-05-01-01-01-22.wav,16,05,angry
17,03-01-08-01-02-01-20.wav,17,08,surprise
18,03-01-06-01-01-02-22.wav,18,06,fearful
19,03-01-08-01-02-01-08.wav,19,08,surprise
20,03-01-08-02-01-01-08.wav,20,08,surprise
21,03-01-06-02-02-02-22.wav,21,06,fearful
22,03-01-08-02-01-01-20.wav,22,08,surprise
23,03-01-05-02-02-01-22.wav,23,05,angry
24,03-01-03-01-01-02-06.wav,24,03,happy
25,03-01-03-01-01-02-12.wav,25,03,happy
26,03-01-04-01-01-02-02.wav,26,04,sad
27,03-01-07-01-01-01-16.wav,27,07,disgust
28,03-01-04-01-01-02-16.wav,28,04,sad
29,03-01-07-01-01-01-02.wav,29,07,disgust
30,03-01-04-02-02-02-16.wav,30,04,sad
31,03-01-07-02-02-01-02.wav,31,07,disgust
32,03-01-04-02-02-02-02.wav,32,04,sad
33,03-01-07-02-02-01-16.wav,33,07,disgust
34,03-01-03-02-02-02-12.wav,34,03,happy
35,03-01-03-02-02-02-06.wav,35,03,happy
36,03-01-07-01-02-01-22.wav,36,07,disgust
37,03-01-04-01-02-02-22.wav,37,04,sad
38,03-01-04-02-01-02-22.wav,38,04,sad
39,03-01-07-02-01-01-22.wav,39,07,disgust
40,03-01-07-02-01-01-23.wav,40,07,disgust
41,03-01-04-02-01-02-23.wav,41,04,sad
42,03-01-04-01-02-02-23.wav,42,04,sad
43,03-01-07-01-02-01-23.wav,43,07,disgust
44,03-01-03-02-02-02-07.wav,44,03,happy
45,03-01-03-02-02-02-13.wav,45,03,happy
46,03-01-07-02-02-01-17.wav,46,07,disgust
47,03-01-04-02-02-02-03.wav,47,04,sad
48,03-01-07-02-02-01-03.wav,48,07,disgust
49,03-01-04-02-02-02-17.wav,49,04,sad
50,03-01-07-01-01-01-03.wav,50,07,disgust
51,03-01-04-01-01-02-17.wav,51,04,sad
52,03-01-07-01-01-01-17.wav,52,07,disgust
53,03-01-04-01-01-02-03.wav,53,04,sad
54,03-01-03-01-01-02-13.wav,54,03,happy
55,03-01-03-01-01-02-07.wav,55,03,happy
56,03-01-05-02-02-01-23.wav,56,05,angry
57,03-01-06-02-02-02-23.wav,57,06,fearful
58,03-01-08-02-01-01-21.wav,58,08,surprise
59,03-01-08-02-01-01-09.wav,59,08,surprise
60,03-01-08-01-02-01-09.wav,60,08,surprise
61,03-01-08-01-02-01-21.wav,61,08,surprise
62,03-01-06-01-01-02-23.wav,62,06,fearful
63,03-01-05-01-01-01-23.wav,63,05,angry
64,03-01-08-02-02-01-01.wav,64,08,surprise
65,03-01-05-02-01-01-17.wav,65,05,angry
66,03-01-06-02-01-02-03.wav,66,06,fearful
67,03-01-05-02-01-01-03.wav,67,05,angry
68,03-01-06-02-01-02-17.wav,68,06,fearful
69,03-01-08-02-02-01-15.wav,69,08,surprise
70,03-01-02-02-01-01-13.wav,70,02,calm
71,03-01-02-02-01-01-07.wav,71,02,calm
72,03-01-02-01-02-01-07.wav,72,02,calm
73,03-01-01-01-02-02-13.wav,73,01,nuteral
74,03-01-02-01-02-01-13.wav,74,02,calm
75,03-01-01-01-02-02-07.wav,75,01,nuteral
76,03-01-08-01-01-01-15.wav,76,08,surprise
77,03-01-05-01-02-01-03.wav,77,05,angry
78,03-01-06-01-02-02-17.wav,78,06,fearful
79,03-01-05-01-02-01-17.wav,79,05,angry
80,03-01-06-01-02-02-03.wav,80,06,fearful
81,03-01-08-01-01-01-01.wav,81,08,surprise
82,03-01-06-01-02-02-15.wav,82,06,fearful
83,03-01-05-01-02-01-01.wav,83,05,angry
84,03-01-08-01-01-01-17.wav,84,08,surprise
85,03-01-08-01-01-01-03.wav,85,08,surprise
86,03-01-06-01-02-02-01.wav,86,06,fearful
87,03-01-05-01-02-01-15.wav,87,05,angry
88,03-01-01-01-02-02-11.wav,88,01,nuteral
89,03-01-02-01-02-01-05.wav,89,02,calm
90,03-01-01-01-02-02-05.wav,90,01,nuteral
91,03-01-02-01-02-01-11.wav,91,02,calm
92,03-01-02-02-01-01-11.wav,92,02,calm
93,03-01-02-02-01-01-05.wav,93,02,calm
94,03-01-06-02-01-02-01.wav,94,06,fearful
95,03-01-05-02-01-01-15.wav,95,05,angry
96,03-01-08-02-02-01-03.wav,96,08,surprise
97,03-01-08-02-02-01-17.wav,97,08,surprise
98,03-01-06-02-01-02-15.wav,98,06,fearful
99,03-01-05-02-01-01-01.wav,99,05,angry
100,03-01-01-01-01-02-19.wav,100,01,nuteral
101,03-01-06-01-01-02-21.wav,101,06,fearful
102,03-01-08-01-02-01-23.wav,102,08,surprise
103,03-01-05-01-01-01-21.wav,103,05,angry
104,03-01-02-01-01-01-19.wav,104,02,calm
105,03-01-05-01-01-01-09.wav,105,05,angry
106,03-01-06-01-01-02-09.wav,106,06,fearful
107,03-01-06-02-02-02-09.wav,107,06,fearful
108,03-01-05-02-02-01-09.wav,108,05,angry
109,03-01-02-02-02-01-19.wav,109,02,calm
110,03-01-05-02-02-01-21.wav,110,05,angry
111,03-01-08-02-01-01-23.wav,111,08,surprise
112,03-01-06-02-02-02-21.wav,112,06,fearful
113,03-01-03-01-01-02-11.wav,113,03,happy
114,03-01-03-01-01-02-05.wav,114,03,happy
115,03-01-04-01-01-02-15.wav,115,04,sad
116,03-01-07-01-01-01-01.wav,116,07,disgust
117,03-01-04-01-01-02-01.wav,117,04,sad
118,03-01-07-01-01-01-15.wav,118,07,disgust
119,03-01-04-02-02-02-01.wav,119,04,sad
120,03-01-07-02-02-01-15.wav,120,07,disgust
121,03-01-04-02-02-02-15.wav,121,04,sad
122,03-01-07-02-02-01-01.wav,122,07,disgust
123,03-01-03-02-02-02-05.wav,123,03,happy
124,03-01-03-02-02-02-11.wav,124,03,happy
125,03-01-07-01-02-01-09.wav,125,07,disgust
126,03-01-04-01-02-02-09.wav,126,04,sad
127,03-01-04-01-02-02-21.wav,127,04,sad
128,03-01-03-01-02-02-19.wav,128,03,happy
129,03-01-07-01-02-01-21.wav,129,07,disgust
130,03-01-07-02-01-01-21.wav,130,07,disgust
131,03-01-03-02-01-02-19.wav,131,03,happy
132,03-01-04-02-01-02-21.wav,132,04,sad
133,03-01-04-02-01-02-09.wav,133,04,sad
134,03-01-07-02-01-01-09.wav,134,07,disgust
135,03-01-03-02-01-02-24.wav,135,03,happy
136,03-01-07-02-01-01-08.wav,136,07,disgust
137,03-01-04-02-01-02-08.wav,137,04,sad
138,03-01-04-02-01-02-20.wav,138,04,sad
139,03-01-03-02-01-02-18.wav,139,03,happy
140,03-01-07-02-01-01-20.wav,140,07,disgust
141,03-01-07-01-02-01-20.wav,141,07,disgust
142,03-01-03-01-02-02-18.wav,142,03,happy
143,03-01-04-01-02-02-20.wav,143,04,sad
144,03-01-04-01-02-02-08.wav,144,04,sad
145,03-01-07-01-02-01-08.wav,145,07,disgust
146,03-01-03-01-02-02-24.wav,146,03,happy
147,03-01-03-02-02-02-10.wav,147,03,happy
148,03-01-03-02-02-02-04.wav,148,03,happy
149,03-01-04-02-02-02-14.wav,149,04,sad
150,03-01-07-02-02-01-14.wav,150,07,disgust
151,03-01-07-01-01-01-14.wav,151,07,disgust
152,03-01-04-01-01-02-14.wav,152,04,sad
153,03-01-03-01-01-02-04.wav,153,03,happy
154,03-01-03-01-01-02-10.wav,154,03,happy
155,03-01-08-02-01-01-22.wav,155,08,surprise
156,03-01-06-02-02-02-20.wav,156,06,fearful
157,03-01-05-02-02-01-20.wav,157,05,angry
158,03-01-02-02-02-01-18.wav,158,02,calm
159,03-01-05-02-02-01-08.wav,159,05,angry
160,03-01-02-02-02-01-24.wav,160,02,calm
161,03-01-06-02-02-02-08.wav,161,06,fearful
162,03-01-06-01-01-02-08.wav,162,06,fearful
163,03-01-02-01-01-01-24.wav,163,02,calm
164,03-01-01-01-01-02-24.wav,164,01,nuteral
165,03-01-05-01-01-01-08.wav,165,05,angry
166,03-01-02-01-01-01-18.wav,166,02,calm
167,03-01-05-01-01-01-20.wav,167,05,angry
168,03-01-06-01-01-02-20.wav,168,06,fearful
169,03-01-01-01-01-02-18.wav,169,01,nuteral
170,03-01-08-01-02-01-22.wav,170,08,surprise
171,03-01-08-02-02-01-16.wav,171,08,surprise
172,03-01-06-02-01-02-14.wav,172,06,fearful
173,03-01-05-02-01-01-14.wav,173,05,angry
174,03-01-08-02-02-01-02.wav,174,08,surprise
175,03-01-02-02-01-01-04.wav,175,02,calm
176,03-01-02-02-01-01-10.wav,176,02,calm
177,03-01-02-01-02-01-10.wav,177,02,calm
178,03-01-01-01-02-02-04.wav,178,01,nuteral
179,03-01-02-01-02-01-04.wav,179,02,calm
180,03-01-01-01-02-02-10.wav,180,01,nuteral
181,03-01-08-01-01-01-02.wav,181,08,surprise
182,03-01-05-01-02-01-14.wav,182,05,angry
183,03-01-06-01-02-02-14.wav,183,06,fearful
184,03-01-08-01-01-01-16.wav,184,08,surprise
185,03-01-01-01-02-02-14.wav,185,01,nuteral
186,03-01-02-01-02-01-14.wav,186,02,calm
187,03-01-08-01-01-01-12.wav,187,08,surprise
188,03-01-05-01-02-01-04.wav,188,05,angry
189,03-01-06-01-02-02-10.wav,189,06,fearful
190,03-01-05-01-02-01-10.wav,190,05,angry
191,03-01-06-01-02-02-04.wav,191,06,fearful
192,03-01-08-01-01-01-06.wav,192,08,surprise
193,03-01-08-02-02-01-06.wav,193,08,surprise
194,03-01-05-02-01-01-10.wav,194,05,angry
195,03-01-06-02-01-02-04.wav,195,06,fearful
196,03-01-05-02-01-01-04.wav,196,05,angry
197,03-01-06-02-01-02-10.wav,197,06,fearful
198,03-01-08-02-02-01-12.wav,198,08,surprise
199,03-01-02-02-01-01-14.wav,199,02,calm
200,03-01-06-01-01-02-18.wav,200,06,fearful
201,03-01-01-01-01-02-20.wav,201,01,nuteral
202,03-01-02-01-01-01-20.wav,202,02,calm
203,03-01-05-01-01-01-18.wav,203,05,angry
204,03-01-02-01-01-01-08.wav,204,02,calm
205,03-01-06-01-01-02-24.wav,205,06,fearful
206,03-01-05-01-01-01-24.wav,206,05,angry
207,03-01-01-01-01-02-08.wav,207,01,nuteral
208,03-01-05-02-02-01-24.wav,208,05,angry
209,03-01-06-02-02-02-24.wav,209,06,fearful
210,03-01-02-02-02-01-08.wav,210,02,calm
211,03-01-05-02-02-01-18.wav,211,05,angry
212,03-01-02-02-02-01-20.wav,212,02,calm
213,03-01-06-02-02-02-18.wav,213,06,fearful
214,03-01-07-01-01-01-04.wav,214,07,disgust
215,03-01-04-01-01-02-10.wav,215,04,sad
216,03-01-07-01-01-01-10.wav,216,07,disgust
217,03-01-04-01-01-02-04.wav,217,04,sad
218,03-01-03-01-01-02-14.wav,218,03,happy
219,03-01-03-02-02-02-14.wav,219,03,happy
220,03-01-07-02-02-01-10.wav,220,07,disgust
221,03-01-04-02-02-02-04.wav,221,04,sad
222,03-01-07-02-02-01-04.wav,222,07,disgust
223,03-01-04-02-02-02-10.wav,223,04,sad
224,03-01-04-01-02-02-24.wav,224,04,sad
225,.DS_Store,225,,
226,03-01-03-01-02-02-08.wav,226,03,happy
227,03-01-07-01-02-01-24.wav,227,07,disgust
228,03-01-03-01-02-02-20.wav,228,03,happy
229,03-01-04-01-02-02-18.wav,229,04,sad
230,03-01-07-01-02-01-18.wav,230,07,disgust
231,03-01-07-02-01-01-18.wav,231,07,disgust
232,03-01-04-02-01-02-18.wav,232,04,sad
233,03-01-03-02-01-02-20.wav,233,03,happy
234,03-01-07-02-01-01-24.wav,234,07,disgust
235,03-01-03-02-01-02-08.wav,235,03,happy
236,03-01-04-02-01-02-24.wav,236,04,sad
237,03-01-03-02-01-02-09.wav,237,03,happy
238,03-01-03-02-01-02-21.wav,238,03,happy
239,03-01-04-02-01-02-19.wav,239,04,sad
240,03-01-07-02-01-01-19.wav,240,07,disgust
241,03-01-07-01-02-01-19.wav,241,07,disgust
242,03-01-04-01-02-02-19.wav,242,04,sad
243,03-01-03-01-02-02-21.wav,243,03,happy
244,03-01-03-01-02-02-09.wav,244,03,happy
245,03-01-04-02-02-02-11.wav,245,04,sad
246,03-01-07-02-02-01-05.wav,246,07,disgust
247,03-01-04-02-02-02-05.wav,247,04,sad
248,03-01-07-02-02-01-11.wav,248,07,disgust
249,03-01-03-02-02-02-15.wav,249,03,happy
250,03-01-03-02-02-02-01.wav,250,03,happy
251,03-01-03-01-01-02-01.wav,251,03,happy
252,03-01-03-01-01-02-15.wav,252,03,happy
253,03-01-04-01-01-02-05.wav,253,04,sad
254,03-01-07-01-01-01-11.wav,254,07,disgust
255,03-01-04-01-01-02-11.wav,255,04,sad
256,03-01-07-01-01-01-05.wav,256,07,disgust
257,03-01-06-02-02-02-19.wav,257,06,fearful
258,03-01-02-02-02-01-21.wav,258,02,calm
259,03-01-05-02-02-01-19.wav,259,05,angry
260,03-01-02-02-02-01-09.wav,260,02,calm
261,03-01-01-01-01-02-09.wav,261,01,nuteral
262,03-01-02-01-01-01-09.wav,262,02,calm
263,03-01-05-01-01-01-19.wav,263,05,angry
264,03-01-02-01-01-01-21.wav,264,02,calm
265,03-01-01-01-01-02-21.wav,265,01,nuteral
266,03-01-06-01-01-02-19.wav,266,06,fearful
267,03-01-02-02-01-01-01.wav,267,02,calm
268,03-01-02-02-01-01-15.wav,268,02,calm
269,03-01-06-02-01-02-11.wav,269,06,fearful
270,03-01-05-02-01-01-05.wav,270,05,angry
271,03-01-08-02-02-01-13.wav,271,08,surprise
272,03-01-08-02-02-01-07.wav,272,08,surprise
273,03-01-06-02-01-02-05.wav,273,06,fearful
274,03-01-05-02-01-01-11.wav,274,05,angry
275,03-01-06-01-02-02-05.wav,275,06,fearful
276,03-01-05-01-02-01-11.wav,276,05,angry
277,03-01-08-01-01-01-07.wav,277,08,surprise
278,03-01-08-01-01-01-13.wav,278,08,surprise
279,03-01-06-01-02-02-11.wav,279,06,fearful
280,03-01-05-01-02-01-05.wav,280,05,angry
281,03-01-01-01-02-02-01.wav,281,01,nuteral
282,03-01-02-01-02-01-15.wav,282,02,calm
283,03-01-01-01-02-02-15.wav,283,01,nuteral
284,03-01-02-01-02-01-01.wav,284,02,calm
285,03-01-02-01-02-01-17.wav,285,02,calm
286,03-01-01-01-02-02-03.wav,286,01,nuteral
287,03-01-02-01-02-01-03.wav,287,02,calm
288,03-01-01-01-02-02-17.wav,288,01,nuteral
289,03-01-08-01-01-01-05.wav,289,08,surprise
290,03-01-05-01-02-01-13.wav,290,05,angry
291,03-01-06-01-02-02-07.wav,291,06,fearful
292,03-01-05-01-02-01-07.wav,292,05,angry
293,03-01-06-01-02-02-13.wav,293,06,fearful
294,03-01-08-01-01-01-11.wav,294,08,surprise
295,03-01-08-02-02-01-11.wav,295,08,surprise
296,03-01-05-02-01-01-07.wav,296,05,angry
297,03-01-06-02-01-02-13.wav,297,06,fearful
298,03-01-05-02-01-01-13.wav,298,05,angry
299,03-01-06-02-01-02-07.wav,299,06,fearful
300,03-01-08-02-02-01-05.wav,300,08,surprise
301,03-01-02-02-01-01-03.wav,301,02,calm
302,03-01-02-02-01-01-17.wav,302,02,calm
303,03-01-02-01-01-01-23.wav,303,02,calm
304,03-01-01-01-01-02-23.wav,304,01,nuteral
305,03-01-08-01-02-01-19.wav,305,08,surprise
306,03-01-08-02-01-01-19.wav,306,08,surprise
307,03-01-02-02-02-01-23.wav,307,02,calm
308,03-01-07-01-01-01-13.wav,308,07,disgust
309,03-01-04-01-01-02-07.wav,309,04,sad
310,03-01-07-01-01-01-07.wav,310,07,disgust
311,03-01-04-01-01-02-13.wav,311,04,sad
312,03-01-03-01-01-02-03.wav,312,03,happy
313,03-01-03-01-01-02-17.wav,313,03,happy
314,03-01-03-02-02-02-17.wav,314,03,happy
315,03-01-03-02-02-02-03.wav,315,03,happy
316,03-01-07-02-02-01-07.wav,316,07,disgust
317,03-01-04-02-02-02-13.wav,317,04,sad
318,03-01-07-02-02-01-13.wav,318,07,disgust
319,03-01-04-02-02-02-07.wav,319,04,sad
320,03-01-03-01-02-02-23.wav,320,03,happy
321,03-01-03-02-01-02-23.wav,321,03,happy
322,03-01-03-02-01-02-22.wav,322,03,happy
323,03-01-03-01-02-02-22.wav,323,03,happy
324,03-01-04-02-02-02-06.wav,324,04,sad
325,03-01-07-02-02-01-12.wav,325,07,disgust
326,03-01-04-02-02-02-12.wav,326,04,sad
327,03-01-07-02-02-01-06.wav,327,07,disgust
328,03-01-03-02-02-02-02.wav,328,03,happy
329,03-01-03-02-02-02-16.wav,329,03,happy
330,03-01-03-01-01-02-16.wav,330,03,happy
331,03-01-03-01-01-02-02.wav,331,03,happy
332,03-01-04-01-01-02-12.wav,332,04,sad
333,03-01-07-01-01-01-06.wav,333,07,disgust
334,03-01-04-01-01-02-06.wav,334,04,sad
335,03-01-07-01-01-01-12.wav,335,07,disgust
336,03-01-02-02-02-01-22.wav,336,02,calm
337,03-01-08-02-01-01-18.wav,337,08,surprise
338,03-01-08-02-01-01-24.wav,338,08,surprise
339,03-01-08-01-02-01-24.wav,339,08,surprise
340,03-01-01-01-01-02-22.wav,340,01,nuteral
341,03-01-08-01-02-01-18.wav,341,08,surprise
342,03-01-02-01-01-01-22.wav,342,02,calm
343,03-01-02-02-01-01-16.wav,343,02,calm
344,03-01-02-02-01-01-02.wav,344,02,calm
345,03-01-06-02-01-02-06.wav,345,06,fearful
346,03-01-05-02-01-01-12.wav,346,05,angry
347,03-01-08-02-02-01-04.wav,347,08,surprise
348,03-01-08-02-02-01-10.wav,348,08,surprise
349,03-01-06-02-01-02-12.wav,349,06,fearful
350,03-01-05-02-01-01-06.wav,350,05,angry
351,03-01-06-01-02-02-12.wav,351,06,fearful
352,03-01-05-01-02-01-06.wav,352,05,angry
353,03-01-08-01-01-01-10.wav,353,08,surprise
354,03-01-08-01-01-01-04.wav,354,08,surprise
355,03-01-06-01-02-02-06.wav,355,06,fearful
356,03-01-05-01-02-01-12.wav,356,05,angry
357,03-01-01-01-02-02-16.wav,357,01,nuteral
358,03-01-02-01-02-01-02.wav,358,02,calm
359,03-01-01-01-02-02-02.wav,359,01,nuteral
360,03-01-02-01-02-01-16.wav,360,02,calm
361,03-01-02-01-01-02-14.wav,361,02,calm
362,03-01-01-01-01-01-14.wav,362,01,nuteral
363,03-01-08-01-02-02-06.wav,363,08,surprise
364,03-01-06-01-01-01-04.wav,364,06,fearful
365,03-01-05-01-01-02-10.wav,365,05,angry
366,03-01-06-01-01-01-10.wav,366,06,fearful
367,03-01-05-01-01-02-04.wav,367,05,angry
368,03-01-08-01-02-02-12.wav,368,08,surprise
369,03-01-08-02-01-02-12.wav,369,08,surprise
370,03-01-06-02-02-01-10.wav,370,06,fearful
371,03-01-05-02-02-02-04.wav,371,05,angry
372,03-01-06-02-02-01-04.wav,372,06,fearful
373,03-01-05-02-02-02-10.wav,373,05,angry
374,03-01-08-02-01-02-06.wav,374,08,surprise
375,03-01-02-02-02-02-14.wav,375,02,calm
376,03-01-05-01-02-02-18.wav,376,05,angry
377,03-01-02-01-02-02-20.wav,377,02,calm
378,03-01-01-01-02-01-20.wav,378,01,nuteral
379,03-01-06-01-02-01-18.wav,379,06,fearful
380,03-01-01-01-02-01-08.wav,380,01,nuteral
381,03-01-05-01-02-02-24.wav,381,05,angry
382,03-01-06-01-02-01-24.wav,382,06,fearful
383,03-01-02-01-02-02-08.wav,383,02,calm
384,03-01-02-02-01-02-08.wav,384,02,calm
385,03-01-06-02-01-01-24.wav,385,06,fearful
386,03-01-05-02-01-02-24.wav,386,05,angry
387,03-01-06-02-01-01-18.wav,387,06,fearful
388,03-01-02-02-01-02-20.wav,388,02,calm
389,03-01-05-02-01-02-18.wav,389,05,angry
390,03-01-04-01-02-01-04.wav,390,04,sad
391,03-01-07-01-02-02-10.wav,391,07,disgust
392,03-01-04-01-02-01-10.wav,392,04,sad
393,03-01-07-01-02-02-04.wav,393,07,disgust
394,03-01-03-01-02-01-14.wav,394,03,happy
395,03-01-03-02-01-01-14.wav,395,03,happy
396,03-01-04-02-01-01-10.wav,396,04,sad
397,03-01-07-02-01-02-04.wav,397,07,disgust
398,03-01-04-02-01-01-04.wav,398,04,sad
399,03-01-07-02-01-02-10.wav,399,07,disgust
400,03-01-07-01-01-02-24.wav,400,07,disgust
401,03-01-03-01-01-01-08.wav,401,03,happy
402,03-01-04-01-01-01-24.wav,402,04,sad
403,03-01-07-01-01-02-18.wav,403,07,disgust
404,03-01-04-01-01-01-18.wav,404,04,sad
405,03-01-03-01-01-01-20.wav,405,03,happy
406,03-01-03-02-02-01-20.wav,406,03,happy
407,03-01-04-02-02-01-18.wav,407,04,sad
408,03-01-07-02-02-02-18.wav,408,07,disgust
409,03-01-04-02-02-01-24.wav,409,04,sad
410,03-01-03-02-02-01-08.wav,410,03,happy
411,03-01-07-02-02-02-24.wav,411,07,disgust
412,03-01-03-02-02-01-09.wav,412,03,happy
413,03-01-07-02-02-02-19.wav,413,07,disgust
414,03-01-04-02-02-01-19.wav,414,04,sad
415,03-01-03-02-02-01-21.wav,415,03,happy
416,03-01-03-01-01-01-21.wav,416,03,happy
417,03-01-04-01-01-01-19.wav,417,04,sad
418,03-01-07-01-01-02-19.wav,418,07,disgust
419,03-01-03-01-01-01-09.wav,419,03,happy
420,03-01-07-02-01-02-11.wav,420,07,disgust
421,03-01-04-02-01-01-05.wav,421,04,sad
422,03-01-07-02-01-02-05.wav,422,07,disgust
423,03-01-04-02-01-01-11.wav,423,04,sad
424,03-01-03-02-01-01-01.wav,424,03,happy
425,03-01-03-02-01-01-15.wav,425,03,happy
426,03-01-03-01-02-01-15.wav,426,03,happy
427,03-01-03-01-02-01-01.wav,427,03,happy
428,03-01-07-01-02-02-05.wav,428,07,disgust
429,03-01-04-01-02-01-11.wav,429,04,sad
430,03-01-07-01-02-02-11.wav,430,07,disgust
431,03-01-04-01-02-01-05.wav,431,04,sad
432,03-01-05-02-01-02-19.wav,432,05,angry
433,03-01-02-02-01-02-21.wav,433,02,calm
434,03-01-06-02-01-01-19.wav,434,06,fearful
435,03-01-02-02-01-02-09.wav,435,02,calm
436,03-01-02-01-02-02-09.wav,436,02,calm
437,03-01-01-01-02-01-09.wav,437,01,nuteral
438,03-01-06-01-02-01-19.wav,438,06,fearful
439,03-01-01-01-02-01-21.wav,439,01,nuteral
440,03-01-02-01-02-02-21.wav,440,02,calm
441,03-01-05-01-02-02-19.wav,441,05,angry
442,03-01-02-02-02-02-15.wav,442,02,calm
443,03-01-02-02-02-02-01.wav,443,02,calm
444,03-01-05-02-02-02-11.wav,444,05,angry
445,03-01-06-02-02-01-05.wav,445,06,fearful
446,03-01-08-02-01-02-07.wav,446,08,surprise
447,03-01-08-02-01-02-13.wav,447,08,surprise
448,03-01-05-02-02-02-05.wav,448,05,angry
449,03-01-06-02-02-01-11.wav,449,06,fearful
450,03-01-05-01-01-02-05.wav,450,05,angry
451,03-01-06-01-01-01-11.wav,451,06,fearful
452,03-01-08-01-02-02-13.wav,452,08,surprise
453,03-01-08-01-02-02-07.wav,453,08,surprise
454,03-01-05-01-01-02-11.wav,454,05,angry
455,03-01-06-01-01-01-05.wav,455,06,fearful
456,03-01-02-01-01-02-01.wav,456,02,calm
457,03-01-01-01-01-01-15.wav,457,01,nuteral
458,03-01-02-01-01-02-15.wav,458,02,calm
459,03-01-01-01-01-01-01.wav,459,01,nuteral
460,03-01-01-01-01-01-17.wav,460,01,nuteral
461,03-01-02-01-01-02-03.wav,461,02,calm
462,03-01-01-01-01-01-03.wav,462,01,nuteral
463,03-01-02-01-01-02-17.wav,463,02,calm
464,03-01-08-01-02-02-11.wav,464,08,surprise
465,03-01-06-01-01-01-13.wav,465,06,fearful
466,03-01-05-01-01-02-07.wav,466,05,angry
467,03-01-06-01-01-01-07.wav,467,06,fearful
468,03-01-05-01-01-02-13.wav,468,05,angry
469,03-01-08-01-02-02-05.wav,469,08,surprise
470,03-01-08-02-01-02-05.wav,470,08,surprise
471,03-01-06-02-02-01-07.wav,471,06,fearful
472,03-01-05-02-02-02-13.wav,472,05,angry
473,03-01-06-02-02-01-13.wav,473,06,fearful
474,03-01-05-02-02-02-07.wav,474,05,angry
475,03-01-08-02-01-02-11.wav,475,08,surprise
476,03-01-02-02-02-02-17.wav,476,02,calm
477,03-01-02-02-02-02-03.wav,477,02,calm
478,03-01-08-01-01-02-19.wav,478,08,surprise
479,03-01-01-01-02-01-23.wav,479,01,nuteral
480,03-01-02-01-02-02-23.wav,480,02,calm
481,03-01-02-02-01-02-23.wav,481,02,calm
482,03-01-08-02-02-02-19.wav,482,08,surprise
483,03-01-04-01-02-01-13.wav,483,04,sad
484,03-01-07-01-02-02-07.wav,484,07,disgust
485,03-01-04-01-02-01-07.wav,485,04,sad
486,03-01-07-01-02-02-13.wav,486,07,disgust
487,03-01-03-01-02-01-17.wav,487,03,happy
488,03-01-03-01-02-01-03.wav,488,03,happy
489,03-01-03-02-01-01-03.wav,489,03,happy
490,03-01-03-02-01-01-17.wav,490,03,happy
491,03-01-04-02-01-01-07.wav,491,04,sad
492,03-01-07-02-01-02-13.wav,492,07,disgust
493,03-01-04-02-01-01-13.wav,493,04,sad
494,03-01-07-02-01-02-07.wav,494,07,disgust
495,03-01-03-01-01-01-23.wav,495,03,happy
496,03-01-03-02-02-01-23.wav,496,03,happy
497,03-01-03-02-02-01-22.wav,497,03,happy
498,03-01-03-01-01-01-22.wav,498,03,happy
499,03-01-07-02-01-02-06.wav,499,07,disgust
500,03-01-04-02-01-01-12.wav,500,04,sad
501,03-01-07-02-01-02-12.wav,501,07,disgust
502,03-01-04-02-01-01-06.wav,502,04,sad
503,03-01-03-02-01-01-16.wav,503,03,happy
504,03-01-03-02-01-01-02.wav,504,03,happy
505,03-01-03-01-02-01-02.wav,505,03,happy
506,03-01-03-01-02-01-16.wav,506,03,happy
507,03-01-07-01-02-02-12.wav,507,07,disgust
508,03-01-04-01-02-01-06.wav,508,04,sad
509,03-01-07-01-02-02-06.wav,509,07,disgust
510,03-01-04-01-02-01-12.wav,510,04,sad
511,03-01-08-02-02-02-18.wav,511,08,surprise
512,03-01-02-02-01-02-22.wav,512,02,calm
513,03-01-08-02-02-02-24.wav,513,08,surprise
514,03-01-08-01-01-02-24.wav,514,08,surprise
515,03-01-02-01-02-02-22.wav,515,02,calm
516,03-01-08-01-01-02-18.wav,516,08,surprise
517,03-01-01-01-02-01-22.wav,517,01,nuteral
518,03-01-02-02-02-02-02.wav,518,02,calm
519,03-01-02-02-02-02-16.wav,519,02,calm
520,03-01-05-02-02-02-06.wav,520,05,angry
521,03-01-06-02-02-01-12.wav,521,06,fearful
522,03-01-08-02-01-02-10.wav,522,08,surprise
523,03-01-08-02-01-02-04.wav,523,08,surprise
524,03-01-05-02-02-02-12.wav,524,05,angry
525,03-01-06-02-02-01-06.wav,525,06,fearful
526,03-01-05-01-01-02-12.wav,526,05,angry
527,03-01-06-01-01-01-06.wav,527,06,fearful
528,03-01-08-01-02-02-04.wav,528,08,surprise
529,03-01-08-01-02-02-10.wav,529,08,surprise
530,03-01-05-01-01-02-06.wav,530,05,angry
531,03-01-06-01-01-01-12.wav,531,06,fearful
532,03-01-02-01-01-02-16.wav,532,02,calm
533,03-01-01-01-01-01-02.wav,533,01,nuteral
534,03-01-02-01-01-02-02.wav,534,02,calm
535,03-01-01-01-01-01-16.wav,535,01,nuteral
536,03-01-05-01-01-02-02.wav,536,05,angry
537,03-01-06-01-01-01-16.wav,537,06,fearful
538,03-01-08-01-02-02-14.wav,538,08,surprise
539,03-01-05-01-01-02-16.wav,539,05,angry
540,03-01-06-01-01-01-02.wav,540,06,fearful
541,03-01-02-01-01-02-06.wav,541,02,calm
542,03-01-01-01-01-01-12.wav,542,01,nuteral
543,03-01-02-01-01-02-12.wav,543,02,calm
544,03-01-01-01-01-01-06.wav,544,01,nuteral
545,03-01-02-02-02-02-12.wav,545,02,calm
546,03-01-02-02-02-02-06.wav,546,02,calm
547,03-01-05-02-02-02-16.wav,547,05,angry
548,03-01-06-02-02-01-02.wav,548,06,fearful
549,03-01-08-02-01-02-14.wav,549,08,surprise
550,03-01-05-02-02-02-02.wav,550,05,angry
551,03-01-06-02-02-01-16.wav,551,06,fearful
552,03-01-06-01-02-01-22.wav,552,06,fearful
553,03-01-08-01-01-02-20.wav,553,08,surprise
554,03-01-05-01-02-02-22.wav,554,05,angry
555,03-01-08-01-01-02-08.wav,555,08,surprise
556,03-01-08-02-02-02-08.wav,556,08,surprise
557,03-01-05-02-01-02-22.wav,557,05,angry
558,03-01-08-02-02-02-20.wav,558,08,surprise
559,03-01-06-02-01-01-22.wav,559,06,fearful
560,03-01-03-01-02-01-12.wav,560,03,happy
561,03-01-03-01-02-01-06.wav,561,03,happy
562,03-01-07-01-02-02-02.wav,562,07,disgust
563,03-01-04-01-02-01-16.wav,563,04,sad
564,03-01-07-01-02-02-16.wav,564,07,disgust
565,03-01-04-01-02-01-02.wav,565,04,sad
566,03-01-07-02-01-02-16.wav,566,07,disgust
567,03-01-04-02-01-01-02.wav,567,04,sad
568,03-01-07-02-01-02-02.wav,568,07,disgust
569,03-01-04-02-01-01-16.wav,569,04,sad
570,03-01-03-02-01-01-06.wav,570,03,happy
571,03-01-03-02-01-01-12.wav,571,03,happy
572,03-01-04-01-01-01-22.wav,572,04,sad
573,03-01-07-01-01-02-22.wav,573,07,disgust
574,03-01-07-02-02-02-22.wav,574,07,disgust
575,03-01-04-02-02-01-22.wav,575,04,sad
576,03-01-04-02-02-01-23.wav,576,04,sad
577,03-01-07-02-02-02-23.wav,577,07,disgust
578,03-01-07-01-01-02-23.wav,578,07,disgust
579,03-01-04-01-01-01-23.wav,579,04,sad
580,03-01-03-02-01-01-13.wav,580,03,happy
581,03-01-03-02-01-01-07.wav,581,03,happy
582,03-01-04-02-01-01-17.wav,582,04,sad
583,03-01-07-02-01-02-03.wav,583,07,disgust
584,03-01-04-02-01-01-03.wav,584,04,sad
585,03-01-07-02-01-02-17.wav,585,07,disgust
586,03-01-04-01-02-01-03.wav,586,04,sad
587,03-01-07-01-02-02-17.wav,587,07,disgust
588,03-01-04-01-02-01-17.wav,588,04,sad
589,03-01-07-01-02-02-03.wav,589,07,disgust
590,03-01-03-01-02-01-07.wav,590,03,happy
591,03-01-03-01-02-01-13.wav,591,03,happy
592,03-01-08-02-02-02-21.wav,592,08,surprise
593,03-01-06-02-01-01-23.wav,593,06,fearful
594,03-01-05-02-01-02-23.wav,594,05,angry
595,03-01-08-02-02-02-09.wav,595,08,surprise
596,03-01-08-01-01-02-09.wav,596,08,surprise
597,03-01-05-01-02-02-23.wav,597,05,angry
598,03-01-06-01-02-01-23.wav,598,06,fearful
599,03-01-08-01-01-02-21.wav,599,08,surprise
600,03-01-08-02-01-02-15.wav,600,08,surprise
601,03-01-06-02-02-01-17.wav,601,06,fearful
602,03-01-05-02-02-02-03.wav,602,05,angry
603,03-01-06-02-02-01-03.wav,603,06,fearful
604,03-01-05-02-02-02-17.wav,604,05,angry
605,03-01-08-02-01-02-01.wav,605,08,surprise
606,03-01-02-02-02-02-07.wav,606,02,calm
607,03-01-02-02-02-02-13.wav,607,02,calm
608,03-01-01-01-01-01-07.wav,608,01,nuteral
609,03-01-02-01-01-02-13.wav,609,02,calm
610,03-01-01-01-01-01-13.wav,610,01,nuteral
611,03-01-02-01-01-02-07.wav,611,02,calm
612,03-01-08-01-02-02-01.wav,612,08,surprise
613,03-01-06-01-01-01-03.wav,613,06,fearful
614,03-01-05-01-01-02-17.wav,614,05,angry
615,03-01-06-01-01-01-17.wav,615,06,fearful
616,03-01-05-01-01-02-03.wav,616,05,angry
617,03-01-08-01-02-02-15.wav,617,08,surprise
618,03-01-05-01-01-02-15.wav,618,05,angry
619,03-01-06-01-01-01-01.wav,619,06,fearful
620,03-01-08-01-02-02-03.wav,620,08,surprise
621,03-01-08-01-02-02-17.wav,621,08,surprise
622,03-01-05-01-01-02-01.wav,622,05,angry
623,03-01-06-01-01-01-15.wav,623,06,fearful
624,03-01-02-01-01-02-11.wav,624,02,calm
625,03-01-01-01-01-01-05.wav,625,01,nuteral
626,03-01-02-01-01-02-05.wav,626,02,calm
627,03-01-01-01-01-01-11.wav,627,01,nuteral
628,03-01-02-02-02-02-05.wav,628,02,calm
629,03-01-02-02-02-02-11.wav,629,02,calm
630,03-01-05-02-02-02-01.wav,630,05,angry
631,03-01-06-02-02-01-15.wav,631,06,fearful
632,03-01-08-02-01-02-17.wav,632,08,surprise
633,03-01-08-02-01-02-03.wav,633,08,surprise
634,03-01-05-02-02-02-15.wav,634,05,angry
635,03-01-06-02-02-01-01.wav,635,06,fearful
636,03-01-02-01-02-02-19.wav,636,02,calm
637,03-01-05-01-02-02-21.wav,637,05,angry
638,03-01-08-01-01-02-23.wav,638,08,surprise
639,03-01-06-01-02-01-21.wav,639,06,fearful
640,03-01-01-01-02-01-19.wav,640,01,nuteral
641,03-01-06-01-02-01-09.wav,641,06,fearful
642,03-01-05-01-02-02-09.wav,642,05,angry
643,03-01-05-02-01-02-09.wav,643,05,angry
644,03-01-06-02-01-01-09.wav,644,06,fearful
645,03-01-06-02-01-01-21.wav,645,06,fearful
646,03-01-08-02-02-02-23.wav,646,08,surprise
647,03-01-05-02-01-02-21.wav,647,05,angry
648,03-01-02-02-01-02-19.wav,648,02,calm
649,03-01-03-01-02-01-05.wav,649,03,happy
650,03-01-03-01-02-01-11.wav,650,03,happy
651,03-01-07-01-02-02-15.wav,651,07,disgust
652,03-01-04-01-02-01-01.wav,652,04,sad
653,03-01-07-01-02-02-01.wav,653,07,disgust
654,03-01-04-01-02-01-15.wav,654,04,sad
655,03-01-07-02-01-02-01.wav,655,07,disgust
656,03-01-04-02-01-01-15.wav,656,04,sad
657,03-01-07-02-01-02-15.wav,657,07,disgust
658,03-01-04-02-01-01-01.wav,658,04,sad
659,03-01-03-02-01-01-11.wav,659,03,happy
660,03-01-03-02-01-01-05.wav,660,03,happy
661,03-01-04-01-01-01-09.wav,661,04,sad
662,03-01-07-01-01-02-09.wav,662,07,disgust
663,03-01-07-01-01-02-21.wav,663,07,disgust
664,03-01-03-01-01-01-19.wav,664,03,happy
665,03-01-04-01-01-01-21.wav,665,04,sad
666,03-01-04-02-02-01-21.wav,666,04,sad
667,03-01-03-02-02-01-19.wav,667,03,happy
668,03-01-07-02-02-02-21.wav,668,07,disgust
669,03-01-07-02-02-02-09.wav,669,07,disgust
670,03-01-04-02-02-01-09.wav,670,04,sad
671,03-01-04-02-02-01-08.wav,671,04,sad
672,03-01-07-02-02-02-08.wav,672,07,disgust
673,03-01-03-02-02-01-24.wav,673,03,happy
674,03-01-07-02-02-02-20.wav,674,07,disgust
675,03-01-03-02-02-01-18.wav,675,03,happy
676,03-01-04-02-02-01-20.wav,676,04,sad
677,03-01-04-01-01-01-20.wav,677,04,sad
678,03-01-03-01-01-01-18.wav,678,03,happy
679,03-01-07-01-01-02-20.wav,679,07,disgust
680,03-01-03-01-01-01-24.wav,680,03,happy
681,03-01-07-01-01-02-08.wav,681,07,disgust
682,03-01-04-01-01-01-08.wav,682,04,sad
683,03-01-03-02-01-01-04.wav,683,03,happy
684,03-01-03-02-01-01-10.wav,684,03,happy
685,03-01-07-02-01-02-14.wav,685,07,disgust
686,03-01-04-02-01-01-14.wav,686,04,sad
687,03-01-04-01-02-01-14.wav,687,04,sad
688,03-01-07-01-02-02-14.wav,688,07,disgust
689,03-01-03-01-02-01-10.wav,689,03,happy
690,03-01-03-01-02-01-04.wav,690,03,happy
691,03-01-02-02-01-02-18.wav,691,02,calm
692,03-01-05-02-01-02-20.wav,692,05,angry
693,03-01-06-02-01-01-20.wav,693,06,fearful
694,03-01-08-02-02-02-22.wav,694,08,surprise
695,03-01-06-02-01-01-08.wav,695,06,fearful
696,03-01-02-02-01-02-24.wav,696,02,calm
697,03-01-05-02-01-02-08.wav,697,05,angry
698,03-01-05-01-02-02-08.wav,698,05,angry
699,03-01-01-01-02-01-24.wav,699,01,nuteral
700,03-01-02-01-02-02-24.wav,700,02,calm
701,03-01-06-01-02-01-08.wav,701,06,fearful
702,03-01-08-01-01-02-22.wav,702,08,surprise
703,03-01-01-01-02-01-18.wav,703,01,nuteral
704,03-01-06-01-02-01-20.wav,704,06,fearful
705,03-01-05-01-02-02-20.wav,705,05,angry
706,03-01-02-01-02-02-18.wav,706,02,calm
707,03-01-08-02-01-02-02.wav,707,08,surprise
708,03-01-05-02-02-02-14.wav,708,05,angry
709,03-01-06-02-02-01-14.wav,709,06,fearful
710,03-01-08-02-01-02-16.wav,710,08,surprise
711,03-01-02-02-02-02-10.wav,711,02,calm
712,03-01-02-02-02-02-04.wav,712,02,calm
713,03-01-01-01-01-01-10.wav,713,01,nuteral
714,03-01-02-01-01-02-04.wav,714,02,calm
715,03-01-01-01-01-01-04.wav,715,01,nuteral
716,03-01-02-01-01-02-10.wav,716,02,calm
717,03-01-08-01-02-02-16.wav,717,08,surprise
718,03-01-06-01-01-01-14.wav,718,06,fearful
719,03-01-05-01-01-02-14.wav,719,05,angry
720,03-01-08-01-02-02-02.wav,720,08,surprise
721,03-01-01-01-01-01-21.wav,721,01,nuteral
722,03-01-06-01-01-01-19.wav,722,06,fearful
723,03-01-05-01-01-02-19.wav,723,05,angry
724,03-01-02-01-01-02-21.wav,724,02,calm
725,03-01-02-01-01-02-09.wav,725,02,calm
726,03-01-01-01-01-01-09.wav,726,01,nuteral
727,03-01-02-02-02-02-09.wav,727,02,calm
728,03-01-02-02-02-02-21.wav,728,02,calm
729,03-01-05-02-02-02-19.wav,729,05,angry
730,03-01-06-02-02-01-19.wav,730,06,fearful
731,03-01-02-01-02-02-01.wav,731,02,calm
732,03-01-01-01-02-01-15.wav,732,01,nuteral
733,03-01-02-01-02-02-15.wav,733,02,calm
734,03-01-01-01-02-01-01.wav,734,01,nuteral
735,03-01-08-01-01-02-13.wav,735,08,surprise
736,03-01-05-01-02-02-05.wav,736,05,angry
737,03-01-06-01-02-01-11.wav,737,06,fearful
738,03-01-05-01-02-02-11.wav,738,05,angry
739,03-01-06-01-02-01-05.wav,739,06,fearful
740,03-01-08-01-01-02-07.wav,740,08,surprise
741,03-01-08-02-02-02-07.wav,741,08,surprise
742,03-01-05-02-01-02-11.wav,742,05,angry
743,03-01-06-02-01-01-05.wav,743,06,fearful
744,03-01-05-02-01-02-05.wav,744,05,angry
745,03-01-06-02-01-01-11.wav,745,06,fearful
746,03-01-08-02-02-02-13.wav,746,08,surprise
747,03-01-02-02-01-02-15.wav,747,02,calm
748,03-01-02-02-01-02-01.wav,748,02,calm
749,03-01-03-01-02-01-09.wav,749,03,happy
750,03-01-04-01-02-01-19.wav,750,04,sad
751,03-01-03-01-02-01-21.wav,751,03,happy
752,03-01-07-01-02-02-19.wav,752,07,disgust
753,03-01-07-02-01-02-19.wav,753,07,disgust
754,03-01-03-02-01-01-21.wav,754,03,happy
755,03-01-04-02-01-01-19.wav,755,04,sad
756,03-01-03-02-01-01-09.wav,756,03,happy
757,03-01-07-01-01-02-05.wav,757,07,disgust
758,03-01-04-01-01-01-11.wav,758,04,sad
759,03-01-07-01-01-02-11.wav,759,07,disgust
760,03-01-04-01-01-01-05.wav,760,04,sad
761,03-01-03-01-01-01-15.wav,761,03,happy
762,03-01-03-01-01-01-01.wav,762,03,happy
763,03-01-03-02-02-01-01.wav,763,03,happy
764,03-01-03-02-02-01-15.wav,764,03,happy
765,03-01-07-02-02-02-11.wav,765,07,disgust
766,03-01-04-02-02-01-05.wav,766,04,sad
767,03-01-07-02-02-02-05.wav,767,07,disgust
768,03-01-04-02-02-01-11.wav,768,04,sad
769,03-01-04-02-02-01-10.wav,769,04,sad
770,03-01-07-02-02-02-04.wav,770,07,disgust
771,03-01-04-02-02-01-04.wav,771,04,sad
772,03-01-07-02-02-02-10.wav,772,07,disgust
773,03-01-03-02-02-01-14.wav,773,03,happy
774,03-01-03-01-01-01-14.wav,774,03,happy
775,03-01-04-01-01-01-04.wav,775,04,sad
776,03-01-07-01-01-02-10.wav,776,07,disgust
777,03-01-04-01-01-01-10.wav,777,04,sad
778,03-01-07-01-01-02-04.wav,778,07,disgust
779,03-01-04-02-01-01-24.wav,779,04,sad
780,03-01-07-02-01-02-24.wav,780,07,disgust
781,03-01-03-02-01-01-08.wav,781,03,happy
782,03-01-04-02-01-01-18.wav,782,04,sad
783,03-01-03-02-01-01-20.wav,783,03,happy
784,03-01-07-02-01-02-18.wav,784,07,disgust
785,03-01-07-01-02-02-18.wav,785,07,disgust
786,03-01-03-01-02-01-20.wav,786,03,happy
787,03-01-04-01-02-01-18.wav,787,04,sad
788,03-01-03-01-02-01-08.wav,788,03,happy
789,03-01-07-01-02-02-24.wav,789,07,disgust
790,03-01-04-01-02-01-24.wav,790,04,sad
791,03-01-02-02-01-02-14.wav,791,02,calm
792,03-01-06-02-01-01-10.wav,792,06,fearful
793,03-01-05-02-01-02-04.wav,793,05,angry
794,03-01-08-02-02-02-12.wav,794,08,surprise
795,03-01-08-02-02-02-06.wav,795,08,surprise
796,03-01-06-02-01-01-04.wav,796,06,fearful
797,03-01-05-02-01-02-10.wav,797,05,angry
798,03-01-06-01-02-01-04.wav,798,06,fearful
799,03-01-05-01-02-02-10.wav,799,05,angry
800,03-01-08-01-01-02-06.wav,800,08,surprise
801,03-01-08-01-01-02-12.wav,801,08,surprise
802,03-01-06-01-02-01-10.wav,802,06,fearful
803,03-01-05-01-02-02-04.wav,803,05,angry
804,03-01-02-01-02-02-14.wav,804,02,calm
805,03-01-01-01-02-01-14.wav,805,01,nuteral
806,03-01-06-02-02-01-18.wav,806,06,fearful
807,03-01-05-02-02-02-18.wav,807,05,angry
808,03-01-02-02-02-02-20.wav,808,02,calm
809,03-01-06-02-02-01-24.wav,809,06,fearful
810,03-01-02-02-02-02-08.wav,810,02,calm
811,03-01-05-02-02-02-24.wav,811,05,angry
812,03-01-05-01-01-02-24.wav,812,05,angry
813,03-01-01-01-01-01-08.wav,813,01,nuteral
814,03-01-02-01-01-02-08.wav,814,02,calm
815,03-01-06-01-01-01-24.wav,815,06,fearful
816,03-01-02-01-01-02-20.wav,816,02,calm
817,03-01-05-01-01-02-18.wav,817,05,angry
818,03-01-06-01-01-01-18.wav,818,06,fearful
819,03-01-01-01-01-01-20.wav,819,01,nuteral
820,03-01-02-01-01-02-22.wav,820,02,calm
821,03-01-01-01-01-01-22.wav,821,01,nuteral
822,03-01-08-01-02-02-18.wav,822,08,surprise
823,03-01-08-01-02-02-24.wav,823,08,surprise
824,03-01-08-02-01-02-24.wav,824,08,surprise
825,03-01-08-02-01-02-18.wav,825,08,surprise
826,03-01-02-02-02-02-22.wav,826,02,calm
827,03-01-02-01-02-02-16.wav,827,02,calm
828,03-01-01-01-02-01-02.wav,828,01,nuteral
829,03-01-02-01-02-02-02.wav,829,02,calm
830,03-01-01-01-02-01-16.wav,830,01,nuteral
831,03-01-08-01-01-02-04.wav,831,08,surprise
832,03-01-05-01-02-02-12.wav,832,05,angry
833,03-01-06-01-02-01-06.wav,833,06,fearful
834,03-01-05-01-02-02-06.wav,834,05,angry
835,03-01-06-01-02-01-12.wav,835,06,fearful
836,03-01-08-01-01-02-10.wav,836,08,surprise
837,03-01-08-02-02-02-10.wav,837,08,surprise
838,03-01-05-02-01-02-06.wav,838,05,angry
839,03-01-06-02-01-01-12.wav,839,06,fearful
840,03-01-05-02-01-02-12.wav,840,05,angry
841,03-01-06-02-01-01-06.wav,841,06,fearful
842,03-01-08-02-02-02-04.wav,842,08,surprise
843,03-01-02-02-01-02-02.wav,843,02,calm
844,03-01-02-02-01-02-16.wav,844,02,calm
845,03-01-03-01-02-01-22.wav,845,03,happy
846,03-01-03-02-01-01-22.wav,846,03,happy
847,03-01-07-01-01-02-12.wav,847,07,disgust
848,03-01-04-01-01-01-06.wav,848,04,sad
849,03-01-07-01-01-02-06.wav,849,07,disgust
850,03-01-04-01-01-01-12.wav,850,04,sad
851,03-01-03-01-01-01-02.wav,851,03,happy
852,03-01-03-01-01-01-16.wav,852,03,happy
853,03-01-03-02-02-01-16.wav,853,03,happy
854,03-01-03-02-02-01-02.wav,854,03,happy
855,03-01-07-02-02-02-06.wav,855,07,disgust
856,03-01-04-02-02-01-12.wav,856,04,sad
857,03-01-07-02-02-02-12.wav,857,07,disgust
858,03-01-04-02-02-01-06.wav,858,04,sad
859,03-01-04-02-02-01-07.wav,859,04,sad
860,03-01-07-02-02-02-13.wav,860,07,disgust
861,03-01-04-02-02-01-13.wav,861,04,sad
862,03-01-07-02-02-02-07.wav,862,07,disgust
863,03-01-03-02-02-01-03.wav,863,03,happy
864,03-01-03-02-02-01-17.wav,864,03,happy
865,03-01-03-01-01-01-17.wav,865,03,happy
866,03-01-03-01-01-01-03.wav,866,03,happy
867,03-01-04-01-01-01-13.wav,867,04,sad
868,03-01-07-01-01-02-07.wav,868,07,disgust
869,03-01-04-01-01-01-07.wav,869,04,sad
870,03-01-07-01-01-02-13.wav,870,07,disgust
871,03-01-03-02-01-01-23.wav,871,03,happy
872,03-01-03-01-02-01-23.wav,872,03,happy
873,03-01-02-02-01-02-17.wav,873,02,calm
874,03-01-02-02-01-02-03.wav,874,02,calm
875,03-01-06-02-01-01-07.wav,875,06,fearful
876,03-01-05-02-01-02-13.wav,876,05,angry
877,03-01-08-02-02-02-05.wav,877,08,surprise
878,03-01-08-02-02-02-11.wav,878,08,surprise
879,03-01-06-02-01-01-13.wav,879,06,fearful
880,03-01-05-02-01-02-07.wav,880,05,angry
881,03-01-06-01-02-01-13.wav,881,06,fearful
882,03-01-05-01-02-02-07.wav,882,05,angry
883,03-01-08-01-01-02-11.wav,883,08,surprise
884,03-01-08-01-01-02-05.wav,884,08,surprise
885,03-01-06-01-02-01-07.wav,885,06,fearful
886,03-01-05-01-02-02-13.wav,886,05,angry
887,03-01-01-01-02-01-17.wav,887,01,nuteral
888,03-01-02-01-02-02-03.wav,888,02,calm
889,03-01-01-01-02-01-03.wav,889,01,nuteral
890,03-01-02-01-02-02-17.wav,890,02,calm
891,03-01-02-02-02-02-23.wav,891,02,calm
892,03-01-08-02-01-02-19.wav,892,08,surprise
893,03-01-01-01-01-01-23.wav,893,01,nuteral
894,03-01-08-01-02-02-19.wav,894,08,surprise
895,03-01-02-01-01-02-23.wav,895,02,calm
896,03-01-05-01-01-02-23.wav,896,05,angry
897,03-01-08-01-02-02-21.wav,897,08,surprise
898,03-01-06-01-01-01-23.wav,898,06,fearful
899,03-01-08-01-02-02-09.wav,899,08,surprise
900,03-01-08-02-01-02-09.wav,900,08,surprise
901,03-01-06-02-02-01-23.wav,901,06,fearful
902,03-01-08-02-01-02-21.wav,902,08,surprise
903,03-01-05-02-02-02-23.wav,903,05,angry
904,03-01-06-01-02-01-03.wav,904,06,fearful
905,03-01-05-01-02-02-17.wav,905,05,angry
906,03-01-08-01-01-02-01.wav,906,08,surprise
907,03-01-08-01-01-02-15.wav,907,08,surprise
908,03-01-06-01-02-01-17.wav,908,06,fearful
909,03-01-05-01-02-02-03.wav,909,05,angry
910,03-01-01-01-02-01-07.wav,910,01,nuteral
911,03-01-02-01-02-02-13.wav,911,02,calm
912,03-01-01-01-02-01-13.wav,912,01,nuteral
913,03-01-02-01-02-02-07.wav,913,02,calm
914,03-01-02-02-01-02-07.wav,914,02,calm
915,03-01-02-02-01-02-13.wav,915,02,calm
916,03-01-06-02-01-01-17.wav,916,06,fearful
917,03-01-05-02-01-02-03.wav,917,05,angry
918,03-01-08-02-02-02-15.wav,918,08,surprise
919,03-01-08-02-02-02-01.wav,919,08,surprise
920,03-01-06-02-01-01-03.wav,920,06,fearful
921,03-01-05-02-01-02-17.wav,921,05,angry
922,03-01-07-01-02-02-23.wav,922,07,disgust
923,03-01-04-01-02-01-23.wav,923,04,sad
924,03-01-04-02-01-01-23.wav,924,04,sad
925,03-01-07-02-01-02-23.wav,925,07,disgust
926,03-01-03-01-01-01-07.wav,926,03,happy
927,03-01-03-01-01-01-13.wav,927,03,happy
928,03-01-04-01-01-01-03.wav,928,04,sad
929,03-01-07-01-01-02-17.wav,929,07,disgust
930,03-01-04-01-01-01-17.wav,930,04,sad
931,03-01-07-01-01-02-03.wav,931,07,disgust
932,03-01-04-02-02-01-17.wav,932,04,sad
933,03-01-07-02-02-02-03.wav,933,07,disgust
934,03-01-04-02-02-01-03.wav,934,04,sad
935,03-01-07-02-02-02-17.wav,935,07,disgust
936,03-01-03-02-02-01-13.wav,936,03,happy
937,03-01-03-02-02-01-07.wav,937,03,happy
938,03-01-03-02-02-01-06.wav,938,03,happy
939,03-01-03-02-02-01-12.wav,939,03,happy
940,03-01-07-02-02-02-16.wav,940,07,disgust
941,03-01-04-02-02-01-02.wav,941,04,sad
942,03-01-07-02-02-02-02.wav,942,07,disgust
943,03-01-04-02-02-01-16.wav,943,04,sad
944,03-01-07-01-01-02-02.wav,944,07,disgust
945,03-01-04-01-01-01-16.wav,945,04,sad
946,03-01-07-01-01-02-16.wav,946,07,disgust
947,03-01-04-01-01-01-02.wav,947,04,sad
948,03-01-03-01-01-01-12.wav,948,03,happy
949,03-01-03-01-01-01-06.wav,949,03,happy
950,03-01-07-02-01-02-22.wav,950,07,disgust
951,03-01-04-02-01-01-22.wav,951,04,sad
952,03-01-04-01-02-01-22.wav,952,04,sad
953,03-01-07-01-02-02-22.wav,953,07,disgust
954,03-01-05-02-01-02-16.wav,954,05,angry
955,03-01-06-02-01-01-02.wav,955,06,fearful
956,03-01-05-02-01-02-02.wav,956,05,angry
957,03-01-06-02-01-01-16.wav,957,06,fearful
958,03-01-08-02-02-02-14.wav,958,08,surprise
959,03-01-02-02-01-02-12.wav,959,02,calm
960,03-01-02-02-01-02-06.wav,960,02,calm
961,03-01-02-01-02-02-06.wav,961,02,calm
962,03-01-01-01-02-01-12.wav,962,01,nuteral
963,03-01-02-01-02-02-12.wav,963,02,calm
964,03-01-01-01-02-01-06.wav,964,01,nuteral
965,03-01-08-01-01-02-14.wav,965,08,surprise
966,03-01-05-01-02-02-02.wav,966,05,angry
967,03-01-06-01-02-01-16.wav,967,06,fearful
968,03-01-05-01-02-02-16.wav,968,05,angry
969,03-01-06-01-02-01-02.wav,969,06,fearful
970,03-01-05-02-02-02-22.wav,970,05,angry
971,03-01-06-02-02-01-22.wav,971,06,fearful
972,03-01-08-02-01-02-20.wav,972,08,surprise
973,03-01-08-02-01-02-08.wav,973,08,surprise
974,03-01-08-01-02-02-08.wav,974,08,surprise
975,03-01-08-01-02-02-20.wav,975,08,surprise
976,03-01-06-01-01-01-22.wav,976,06,fearful
977,03-01-05-01-01-02-22.wav,977,05,angry
978,03-01-06-01-01-01-20.wav,978,06,fearful
979,03-01-01-01-01-01-18.wav,979,01,nuteral
980,03-01-08-01-02-02-22.wav,980,08,surprise
981,03-01-02-01-01-02-18.wav,981,02,calm
982,03-01-05-01-01-02-20.wav,982,05,angry
983,03-01-01-01-01-01-24.wav,983,01,nuteral
984,03-01-05-01-01-02-08.wav,984,05,angry
985,03-01-06-01-01-01-08.wav,985,06,fearful
986,03-01-02-01-01-02-24.wav,986,02,calm
987,03-01-02-02-02-02-24.wav,987,02,calm
988,03-01-06-02-02-01-08.wav,988,06,fearful
989,03-01-05-02-02-02-08.wav,989,05,angry
990,03-01-05-02-02-02-20.wav,990,05,angry
991,03-01-02-02-02-02-18.wav,991,02,calm
992,03-01-08-02-01-02-22.wav,992,08,surprise
993,03-01-06-02-02-01-20.wav,993,06,fearful
994,03-01-06-01-02-01-14.wav,994,06,fearful
995,03-01-08-01-01-02-16.wav,995,08,surprise
996,03-01-08-01-01-02-02.wav,996,08,surprise
997,03-01-05-01-02-02-14.wav,997,05,angry
998,03-01-01-01-02-01-10.wav,998,01,nuteral
999,03-01-02-01-02-02-04.wav,999,02,calm
1000,03-01-01-01-02-01-04.wav,1000,01,nuteral
1001,03-01-02-01-02-02-10.wav,1001,02,calm
1002,03-01-02-02-01-02-10.wav,1002,02,calm
1003,03-01-02-02-01-02-04.wav,1003,02,calm
1004,03-01-05-02-01-02-14.wav,1004,05,angry
1005,03-01-08-02-02-02-02.wav,1005,08,surprise
1006,03-01-08-02-02-02-16.wav,1006,08,surprise
1007,03-01-06-02-01-01-14.wav,1007,06,fearful
1008,03-01-07-01-02-02-08.wav,1008,07,disgust
1009,03-01-03-01-02-01-24.wav,1009,03,happy
1010,03-01-04-01-02-01-08.wav,1010,04,sad
1011,03-01-03-01-02-01-18.wav,1011,03,happy
1012,03-01-04-01-02-01-20.wav,1012,04,sad
1013,03-01-07-01-02-02-20.wav,1013,07,disgust
1014,03-01-07-02-01-02-20.wav,1014,07,disgust
1015,03-01-04-02-01-01-20.wav,1015,04,sad
1016,03-01-03-02-01-01-18.wav,1016,03,happy
1017,03-01-04-02-01-01-08.wav,1017,04,sad
1018,03-01-03-02-01-01-24.wav,1018,03,happy
1019,03-01-07-02-01-02-08.wav,1019,07,disgust
1020,03-01-03-01-01-01-10.wav,1020,03,happy
1021,03-01-03-01-01-01-04.wav,1021,03,happy
1022,03-01-04-01-01-01-14.wav,1022,04,sad
1023,03-01-07-01-01-02-14.wav,1023,07,disgust
1024,03-01-07-02-02-02-14.wav,1024,07,disgust
1025,03-01-04-02-02-01-14.wav,1025,04,sad
1026,03-01-03-02-02-01-04.wav,1026,03,happy
1027,03-01-03-02-02-01-10.wav,1027,03,happy
1028,03-01-03-02-02-01-11.wav,1028,03,happy
1029,03-01-03-02-02-01-05.wav,1029,03,happy
1030,03-01-07-02-02-02-01.wav,1030,07,disgust
1031,03-01-04-02-02-01-15.wav,1031,04,sad
1032,03-01-07-02-02-02-15.wav,1032,07,disgust
1033,03-01-04-02-02-01-01.wav,1033,04,sad
1034,03-01-07-01-01-02-15.wav,1034,07,disgust
1035,03-01-04-01-01-01-01.wav,1035,04,sad
1036,03-01-07-01-01-02-01.wav,1036,07,disgust
1037,03-01-04-01-01-01-15.wav,1037,04,sad
1038,03-01-03-01-01-01-05.wav,1038,03,happy
1039,03-01-03-01-01-01-11.wav,1039,03,happy
1040,03-01-07-02-01-02-09.wav,1040,07,disgust
1041,03-01-04-02-01-01-09.wav,1041,04,sad
1042,03-01-03-02-01-01-19.wav,1042,03,happy
1043,03-01-04-02-01-01-21.wav,1043,04,sad
1044,03-01-07-02-01-02-21.wav,1044,07,disgust
1045,03-01-07-01-02-02-21.wav,1045,07,disgust
1046,03-01-04-01-02-01-21.wav,1046,04,sad
1047,03-01-03-01-02-01-19.wav,1047,03,happy
1048,03-01-04-01-02-01-09.wav,1048,04,sad
1049,03-01-07-01-02-02-09.wav,1049,07,disgust
1050,03-01-08-02-02-02-17.wav,1050,08,surprise
1051,03-01-05-02-01-02-01.wav,1051,05,angry
1052,03-01-06-02-01-01-15.wav,1052,06,fearful
1053,03-01-05-02-01-02-15.wav,1053,05,angry
1054,03-01-06-02-01-01-01.wav,1054,06,fearful
1055,03-01-08-02-02-02-03.wav,1055,08,surprise
1056,03-01-02-02-01-02-05.wav,1056,02,calm
1057,03-01-02-02-01-02-11.wav,1057,02,calm
1058,03-01-02-01-02-02-11.wav,1058,02,calm
1059,03-01-01-01-02-01-05.wav,1059,01,nuteral
1060,03-01-02-01-02-02-05.wav,1060,02,calm
1061,03-01-01-01-02-01-11.wav,1061,01,nuteral
1062,03-01-08-01-01-02-03.wav,1062,08,surprise
1063,03-01-05-01-02-02-15.wav,1063,05,angry
1064,03-01-06-01-02-01-01.wav,1064,06,fearful
1065,03-01-05-01-02-02-01.wav,1065,05,angry
1066,03-01-06-01-02-01-15.wav,1066,06,fearful
1067,03-01-08-01-01-02-17.wav,1067,08,surprise
1068,03-01-08-02-01-02-23.wav,1068,08,surprise
1069,03-01-06-02-02-01-21.wav,1069,06,fearful
1070,03-01-02-02-02-02-19.wav,1070,02,calm
1071,03-01-05-02-02-02-21.wav,1071,05,angry
1072,03-01-05-02-02-02-09.wav,1072,05,angry
1073,03-01-06-02-02-01-09.wav,1073,06,fearful
1074,03-01-06-01-01-01-09.wav,1074,06,fearful
1075,03-01-05-01-01-02-09.wav,1075,05,angry
1076,03-01-05-01-01-02-21.wav,1076,05,angry
1077,03-01-02-01-01-02-19.wav,1077,02,calm
1078,03-01-01-01-01-01-19.wav,1078,01,nuteral
1079,03-01-06-01-01-01-21.wav,1079,06,fearful
1080,03-01-08-01-02-02-23.wav,1080,08,surprise
1081,03-01-06-01-02-02-23.wav,1081,06,fearful
1082,03-01-08-01-01-01-21.wav,1082,08,surprise
1083,03-01-05-01-02-01-23.wav,1083,05,angry
1084,03-01-08-01-01-01-09.wav,1084,08,surprise
1085,03-01-08-02-02-01-09.wav,1085,08,surprise
1086,03-01-05-02-01-01-23.wav,1086,05,angry
1087,03-01-08-02-02-01-21.wav,1087,08,surprise
1088,03-01-06-02-01-02-23.wav,1088,06,fearful
1089,03-01-05-01-01-01-03.wav,1089,05,angry
1090,03-01-06-01-01-02-17.wav,1090,06,fearful
1091,03-01-08-01-02-01-15.wav,1091,08,surprise
1092,03-01-08-01-02-01-01.wav,1092,08,surprise
1093,03-01-05-01-01-01-17.wav,1093,05,angry
1094,03-01-06-01-01-02-03.wav,1094,06,fearful
1095,03-01-02-01-01-01-07.wav,1095,02,calm
1096,03-01-01-01-01-02-13.wav,1096,01,nuteral
1097,03-01-02-01-01-01-13.wav,1097,02,calm
1098,03-01-01-01-01-02-07.wav,1098,01,nuteral
1099,03-01-02-02-02-01-13.wav,1099,02,calm
1100,03-01-02-02-02-01-07.wav,1100,02,calm
1101,03-01-05-02-02-01-17.wav,1101,05,angry
1102,03-01-06-02-02-02-03.wav,1102,06,fearful
1103,03-01-08-02-01-01-01.wav,1103,08,surprise
1104,03-01-08-02-01-01-15.wav,1104,08,surprise
1105,03-01-05-02-02-01-03.wav,1105,05,angry
1106,03-01-06-02-02-02-17.wav,1106,06,fearful
1107,03-01-04-01-01-02-23.wav,1107,04,sad
1108,03-01-07-01-01-01-23.wav,1108,07,disgust
1109,03-01-07-02-02-01-23.wav,1109,07,disgust
1110,03-01-04-02-02-02-23.wav,1110,04,sad
1111,03-01-03-01-02-02-13.wav,1111,03,happy
1112,03-01-03-01-02-02-07.wav,1112,03,happy
1113,03-01-07-01-02-01-03.wav,1113,07,disgust
1114,03-01-04-01-02-02-17.wav,1114,04,sad
1115,03-01-07-01-02-01-17.wav,1115,07,disgust
1116,03-01-04-01-02-02-03.wav,1116,04,sad
1117,03-01-07-02-01-01-17.wav,1117,07,disgust
1118,03-01-04-02-01-02-03.wav,1118,04,sad
1119,03-01-07-02-01-01-03.wav,1119,07,disgust
1120,03-01-04-02-01-02-17.wav,1120,04,sad
1121,03-01-03-02-01-02-07.wav,1121,03,happy
1122,03-01-03-02-01-02-13.wav,1122,03,happy
1123,03-01-03-02-01-02-12.wav,1123,03,happy
1124,03-01-03-02-01-02-06.wav,1124,03,happy
1125,03-01-04-02-01-02-16.wav,1125,04,sad
1126,03-01-07-02-01-01-02.wav,1126,07,disgust
1127,03-01-04-02-01-02-02.wav,1127,04,sad
1128,03-01-07-02-01-01-16.wav,1128,07,disgust
1129,03-01-04-01-02-02-02.wav,1129,04,sad
1130,03-01-07-01-02-01-16.wav,1130,07,disgust
1131,03-01-04-01-02-02-16.wav,1131,04,sad
1132,03-01-07-01-02-01-02.wav,1132,07,disgust
1133,03-01-03-01-02-02-06.wav,1133,03,happy
1134,03-01-03-01-02-02-12.wav,1134,03,happy
1135,03-01-04-02-02-02-22.wav,1135,04,sad
1136,03-01-07-02-02-01-22.wav,1136,07,disgust
1137,03-01-07-01-01-01-22.wav,1137,07,disgust
1138,03-01-04-01-01-02-22.wav,1138,04,sad
1139,03-01-08-02-01-01-14.wav,1139,08,surprise
1140,03-01-06-02-02-02-16.wav,1140,06,fearful
1141,03-01-05-02-02-01-02.wav,1141,05,angry
1142,03-01-06-02-02-02-02.wav,1142,06,fearful
1143,03-01-05-02-02-01-16.wav,1143,05,angry
1144,03-01-02-02-02-01-06.wav,1144,02,calm
1145,03-01-02-02-02-01-12.wav,1145,02,calm
1146,03-01-01-01-01-02-06.wav,1146,01,nuteral
1147,03-01-02-01-01-01-12.wav,1147,02,calm
1148,03-01-01-01-01-02-12.wav,1148,01,nuteral
1149,03-01-02-01-01-01-06.wav,1149,02,calm
1150,03-01-06-01-01-02-02.wav,1150,06,fearful
1151,03-01-05-01-01-01-16.wav,1151,05,angry
1152,03-01-06-01-01-02-16.wav,1152,06,fearful
1153,03-01-05-01-01-01-02.wav,1153,05,angry
1154,03-01-08-01-02-01-14.wav,1154,08,surprise
1155,03-01-08-02-02-01-20.wav,1155,08,surprise
1156,03-01-06-02-01-02-22.wav,1156,06,fearful
1157,03-01-05-02-01-01-22.wav,1157,05,angry
1158,03-01-08-02-02-01-08.wav,1158,08,surprise
1159,03-01-08-01-01-01-08.wav,1159,08,surprise
1160,03-01-05-01-02-01-22.wav,1160,05,angry
1161,03-01-06-01-02-02-22.wav,1161,06,fearful
1162,03-01-08-01-01-01-20.wav,1162,08,surprise
1163,03-01-05-01-02-01-20.wav,1163,05,angry
1164,03-01-02-01-02-01-18.wav,1164,02,calm
1165,03-01-08-01-01-01-22.wav,1165,08,surprise
1166,03-01-01-01-02-02-18.wav,1166,01,nuteral
1167,03-01-06-01-02-02-20.wav,1167,06,fearful
1168,03-01-02-01-02-01-24.wav,1168,02,calm
1169,03-01-06-01-02-02-08.wav,1169,06,fearful
1170,03-01-05-01-02-01-08.wav,1170,05,angry
1171,03-01-01-01-02-02-24.wav,1171,01,nuteral
1172,03-01-05-02-01-01-08.wav,1172,05,angry
1173,03-01-06-02-01-02-08.wav,1173,06,fearful
1174,03-01-02-02-01-01-24.wav,1174,02,calm
1175,03-01-06-02-01-02-20.wav,1175,06,fearful
1176,03-01-08-02-02-01-22.wav,1176,08,surprise
1177,03-01-02-02-01-01-18.wav,1177,02,calm
1178,03-01-05-02-01-01-20.wav,1178,05,angry
1179,03-01-05-01-01-01-14.wav,1179,05,angry
1180,03-01-08-01-02-01-02.wav,1180,08,surprise
1181,03-01-08-01-02-01-16.wav,1181,08,surprise
1182,03-01-06-01-01-02-14.wav,1182,06,fearful
1183,03-01-02-01-01-01-10.wav,1183,02,calm
1184,03-01-01-01-01-02-04.wav,1184,01,nuteral
1185,03-01-02-01-01-01-04.wav,1185,02,calm
1186,03-01-01-01-01-02-10.wav,1186,01,nuteral
1187,03-01-02-02-02-01-04.wav,1187,02,calm
1188,03-01-02-02-02-01-10.wav,1188,02,calm
1189,03-01-06-02-02-02-14.wav,1189,06,fearful
1190,03-01-08-02-01-01-16.wav,1190,08,surprise
1191,03-01-08-02-01-01-02.wav,1191,08,surprise
1192,03-01-05-02-02-01-14.wav,1192,05,angry
1193,03-01-04-01-01-02-08.wav,1193,04,sad
1194,03-01-03-01-01-02-24.wav,1194,03,happy
1195,03-01-07-01-01-01-08.wav,1195,07,disgust
1196,03-01-07-01-01-01-20.wav,1196,07,disgust
1197,03-01-04-01-01-02-20.wav,1197,04,sad
1198,03-01-03-01-01-02-18.wav,1198,03,happy
1199,03-01-03-02-02-02-18.wav,1199,03,happy
1200,03-01-04-02-02-02-20.wav,1200,04,sad
1201,03-01-07-02-02-01-20.wav,1201,07,disgust
1202,03-01-07-02-02-01-08.wav,1202,07,disgust
1203,03-01-03-02-02-02-24.wav,1203,03,happy
1204,03-01-04-02-02-02-08.wav,1204,04,sad
1205,03-01-03-01-02-02-04.wav,1205,03,happy
1206,03-01-03-01-02-02-10.wav,1206,03,happy
1207,03-01-07-01-02-01-14.wav,1207,07,disgust
1208,03-01-04-01-02-02-14.wav,1208,04,sad
1209,03-01-04-02-01-02-14.wav,1209,04,sad
1210,03-01-07-02-01-01-14.wav,1210,07,disgust
1211,03-01-03-02-01-02-10.wav,1211,03,happy
1212,03-01-03-02-01-02-04.wav,1212,03,happy
1213,03-01-03-02-01-02-05.wav,1213,03,happy
1214,03-01-03-02-01-02-11.wav,1214,03,happy
1215,03-01-04-02-01-02-01.wav,1215,04,sad
1216,03-01-07-02-01-01-15.wav,1216,07,disgust
1217,03-01-04-02-01-02-15.wav,1217,04,sad
1218,03-01-07-02-01-01-01.wav,1218,07,disgust
1219,03-01-04-01-02-02-15.wav,1219,04,sad
1220,03-01-07-01-02-01-01.wav,1220,07,disgust
1221,03-01-04-01-02-02-01.wav,1221,04,sad
1222,03-01-07-01-02-01-15.wav,1222,07,disgust
1223,03-01-03-01-02-02-11.wav,1223,03,happy
1224,03-01-03-01-02-02-05.wav,1224,03,happy
1225,03-01-04-02-02-02-09.wav,1225,04,sad
1226,03-01-07-02-02-01-09.wav,1226,07,disgust
1227,03-01-07-02-02-01-21.wav,1227,07,disgust
1228,03-01-04-02-02-02-21.wav,1228,04,sad
1229,03-01-03-02-02-02-19.wav,1229,03,happy
1230,03-01-03-01-01-02-19.wav,1230,03,happy
1231,03-01-04-01-01-02-21.wav,1231,04,sad
1232,03-01-07-01-01-01-21.wav,1232,07,disgust
1233,03-01-07-01-01-01-09.wav,1233,07,disgust
1234,03-01-04-01-01-02-09.wav,1234,04,sad
1235,03-01-08-02-01-01-03.wav,1235,08,surprise
1236,03-01-06-02-02-02-01.wav,1236,06,fearful
1237,03-01-05-02-02-01-15.wav,1237,05,angry
1238,03-01-06-02-02-02-15.wav,1238,06,fearful
1239,03-01-05-02-02-01-01.wav,1239,05,angry
1240,03-01-08-02-01-01-17.wav,1240,08,surprise
1241,03-01-02-02-02-01-11.wav,1241,02,calm
1242,03-01-02-02-02-01-05.wav,1242,02,calm
1243,03-01-01-01-01-02-11.wav,1243,01,nuteral
1244,03-01-02-01-01-01-05.wav,1244,02,calm
1245,03-01-01-01-01-02-05.wav,1245,01,nuteral
1246,03-01-02-01-01-01-11.wav,1246,02,calm
1247,03-01-08-01-02-01-17.wav,1247,08,surprise
1248,03-01-06-01-01-02-15.wav,1248,06,fearful
1249,03-01-05-01-01-01-01.wav,1249,05,angry
1250,03-01-06-01-01-02-01.wav,1250,06,fearful
1251,03-01-05-01-01-01-15.wav,1251,05,angry
1252,03-01-08-01-02-01-03.wav,1252,08,surprise
1253,03-01-05-02-01-01-21.wav,1253,05,angry
1254,03-01-02-02-01-01-19.wav,1254,02,calm
1255,03-01-06-02-01-02-21.wav,1255,06,fearful
1256,03-01-08-02-02-01-23.wav,1256,08,surprise
1257,03-01-06-02-01-02-09.wav,1257,06,fearful
1258,03-01-05-02-01-01-09.wav,1258,05,angry
1259,03-01-05-01-02-01-09.wav,1259,05,angry
1260,03-01-06-01-02-02-09.wav,1260,06,fearful
1261,03-01-08-01-01-01-23.wav,1261,08,surprise
1262,03-01-06-01-02-02-21.wav,1262,06,fearful
1263,03-01-01-01-02-02-19.wav,1263,01,nuteral
1264,03-01-02-01-02-01-19.wav,1264,02,calm
1265,03-01-05-01-02-01-21.wav,1265,05,angry
1266,03-01-02-01-02-01-21.wav,1266,02,calm
1267,03-01-05-01-02-01-19.wav,1267,05,angry
1268,03-01-06-01-02-02-19.wav,1268,06,fearful
1269,03-01-01-01-02-02-21.wav,1269,01,nuteral
1270,03-01-01-01-02-02-09.wav,1270,01,nuteral
1271,03-01-02-01-02-01-09.wav,1271,02,calm
1272,03-01-02-02-01-01-09.wav,1272,02,calm
1273,03-01-06-02-01-02-19.wav,1273,06,fearful
1274,03-01-05-02-01-01-19.wav,1274,05,angry
1275,03-01-02-02-01-01-21.wav,1275,02,calm
1276,03-01-01-01-01-02-01.wav,1276,01,nuteral
1277,03-01-02-01-01-01-15.wav,1277,02,calm
1278,03-01-01-01-01-02-15.wav,1278,01,nuteral
1279,03-01-02-01-01-01-01.wav,1279,02,calm
1280,03-01-08-01-02-01-07.wav,1280,08,surprise
1281,03-01-06-01-01-02-05.wav,1281,06,fearful
1282,03-01-05-01-01-01-11.wav,1282,05,angry
1283,03-01-06-01-01-02-11.wav,1283,06,fearful
1284,03-01-05-01-01-01-05.wav,1284,05,angry
1285,03-01-08-01-02-01-13.wav,1285,08,surprise
1286,03-01-08-02-01-01-13.wav,1286,08,surprise
1287,03-01-06-02-02-02-11.wav,1287,06,fearful
1288,03-01-05-02-02-01-05.wav,1288,05,angry
1289,03-01-06-02-02-02-05.wav,1289,06,fearful
1290,03-01-05-02-02-01-11.wav,1290,05,angry
1291,03-01-08-02-01-01-07.wav,1291,08,surprise
1292,03-01-02-02-02-01-01.wav,1292,02,calm
1293,03-01-02-02-02-01-15.wav,1293,02,calm
1294,03-01-03-01-01-02-09.wav,1294,03,happy
1295,03-01-07-01-01-01-19.wav,1295,07,disgust
1296,03-01-03-01-01-02-21.wav,1296,03,happy
1297,03-01-04-01-01-02-19.wav,1297,04,sad
1298,03-01-04-02-02-02-19.wav,1298,04,sad
1299,03-01-03-02-02-02-21.wav,1299,03,happy
1300,03-01-07-02-02-01-19.wav,1300,07,disgust
1301,03-01-03-02-02-02-09.wav,1301,03,happy
1302,03-01-04-01-02-02-05.wav,1302,04,sad
1303,03-01-07-01-02-01-11.wav,1303,07,disgust
1304,03-01-04-01-02-02-11.wav,1304,04,sad
1305,03-01-07-01-02-01-05.wav,1305,07,disgust
1306,03-01-03-01-02-02-01.wav,1306,03,happy
1307,03-01-03-01-02-02-15.wav,1307,03,happy
1308,03-01-03-02-01-02-15.wav,1308,03,happy
1309,03-01-03-02-01-02-01.wav,1309,03,happy
1310,03-01-04-02-01-02-11.wav,1310,04,sad
1311,03-01-07-02-01-01-05.wav,1311,07,disgust
1312,03-01-04-02-01-02-05.wav,1312,04,sad
1313,03-01-07-02-01-01-11.wav,1313,07,disgust
1314,03-01-07-02-01-01-10.wav,1314,07,disgust
1315,03-01-04-02-01-02-04.wav,1315,04,sad
1316,03-01-07-02-01-01-04.wav,1316,07,disgust
1317,03-01-04-02-01-02-10.wav,1317,04,sad
1318,03-01-03-02-01-02-14.wav,1318,03,happy
1319,03-01-03-01-02-02-14.wav,1319,03,happy
1320,03-01-07-01-02-01-04.wav,1320,07,disgust
1321,03-01-04-01-02-02-10.wav,1321,04,sad
1322,03-01-07-01-02-01-10.wav,1322,07,disgust
1323,03-01-04-01-02-02-04.wav,1323,04,sad
1324,03-01-03-02-02-02-08.wav,1324,03,happy
1325,03-01-07-02-02-01-24.wav,1325,07,disgust
1326,03-01-04-02-02-02-24.wav,1326,04,sad
1327,03-01-07-02-02-01-18.wav,1327,07,disgust
1328,03-01-03-02-02-02-20.wav,1328,03,happy
1329,03-01-04-02-02-02-18.wav,1329,04,sad
1330,03-01-04-01-01-02-18.wav,1330,04,sad
1331,03-01-03-01-01-02-20.wav,1331,03,happy
1332,03-01-07-01-01-01-18.wav,1332,07,disgust
1333,03-01-04-01-01-02-24.wav,1333,04,sad
1334,03-01-07-01-01-01-24.wav,1334,07,disgust
1335,03-01-03-01-01-02-08.wav,1335,03,happy
1336,03-01-02-02-02-01-14.wav,1336,02,calm
1337,03-01-05-02-02-01-10.wav,1337,05,angry
1338,03-01-06-02-02-02-04.wav,1338,06,fearful
1339,03-01-08-02-01-01-06.wav,1339,08,surprise
1340,03-01-08-02-01-01-12.wav,1340,08,surprise
1341,03-01-05-02-02-01-04.wav,1341,05,angry
1342,03-01-06-02-02-02-10.wav,1342,06,fearful
1343,03-01-05-01-01-01-04.wav,1343,05,angry
1344,03-01-06-01-01-02-10.wav,1344,06,fearful
1345,03-01-08-01-02-01-12.wav,1345,08,surprise
1346,03-01-08-01-02-01-06.wav,1346,08,surprise
1347,03-01-05-01-01-01-10.wav,1347,05,angry
1348,03-01-06-01-01-02-04.wav,1348,06,fearful
1349,03-01-01-01-01-02-14.wav,1349,01,nuteral
1350,03-01-02-01-01-01-14.wav,1350,02,calm
1351,03-01-02-02-01-01-20.wav,1351,02,calm
1352,03-01-05-02-01-01-18.wav,1352,05,angry
1353,03-01-06-02-01-02-18.wav,1353,06,fearful
1354,03-01-05-02-01-01-24.wav,1354,05,angry
1355,03-01-02-02-01-01-08.wav,1355,02,calm
1356,03-01-06-02-01-02-24.wav,1356,06,fearful
1357,03-01-06-01-02-02-24.wav,1357,06,fearful
1358,03-01-02-01-02-01-08.wav,1358,02,calm
1359,03-01-01-01-02-02-08.wav,1359,01,nuteral
1360,03-01-05-01-02-01-24.wav,1360,05,angry
1361,03-01-01-01-02-02-20.wav,1361,01,nuteral
1362,03-01-06-01-02-02-18.wav,1362,06,fearful
1363,03-01-05-01-02-01-18.wav,1363,05,angry
1364,03-01-02-01-02-01-20.wav,1364,02,calm
1365,03-01-08-01-01-01-18.wav,1365,08,surprise
1366,03-01-01-01-02-02-22.wav,1366,01,nuteral
1367,03-01-02-01-02-01-22.wav,1367,02,calm
1368,03-01-08-01-01-01-24.wav,1368,08,surprise
1369,03-01-08-02-02-01-24.wav,1369,08,surprise
1370,03-01-02-02-01-01-22.wav,1370,02,calm
1371,03-01-08-02-02-01-18.wav,1371,08,surprise
1372,03-01-01-01-01-02-16.wav,1372,01,nuteral
1373,03-01-02-01-01-01-02.wav,1373,02,calm
1374,03-01-01-01-01-02-02.wav,1374,01,nuteral
1375,03-01-02-01-01-01-16.wav,1375,02,calm
1376,03-01-08-01-02-01-10.wav,1376,08,surprise
1377,03-01-06-01-01-02-12.wav,1377,06,fearful
1378,03-01-05-01-01-01-06.wav,1378,05,angry
1379,03-01-06-01-01-02-06.wav,1379,06,fearful
1380,03-01-05-01-01-01-12.wav,1380,05,angry
1381,03-01-08-01-02-01-04.wav,1381,08,surprise
1382,03-01-08-02-01-01-04.wav,1382,08,surprise
1383,03-01-06-02-02-02-06.wav,1383,06,fearful
1384,03-01-05-02-02-01-12.wav,1384,05,angry
1385,03-01-06-02-02-02-12.wav,1385,06,fearful
1386,03-01-05-02-02-01-06.wav,1386,05,angry
1387,03-01-08-02-01-01-10.wav,1387,08,surprise
1388,03-01-02-02-02-01-16.wav,1388,02,calm
1389,03-01-02-02-02-01-02.wav,1389,02,calm
1390,03-01-03-01-01-02-22.wav,1390,03,happy
1391,03-01-03-02-02-02-22.wav,1391,03,happy
1392,03-01-04-01-02-02-12.wav,1392,04,sad
1393,03-01-07-01-02-01-06.wav,1393,07,disgust
1394,03-01-04-01-02-02-06.wav,1394,04,sad
1395,03-01-07-01-02-01-12.wav,1395,07,disgust
1396,03-01-03-01-02-02-16.wav,1396,03,happy
1397,03-01-03-01-02-02-02.wav,1397,03,happy
1398,03-01-03-02-01-02-02.wav,1398,03,happy
1399,03-01-03-02-01-02-16.wav,1399,03,happy
1400,03-01-04-02-01-02-06.wav,1400,04,sad
1401,03-01-07-02-01-01-12.wav,1401,07,disgust
1402,03-01-04-02-01-02-12.wav,1402,04,sad
1403,03-01-07-02-01-01-06.wav,1403,07,disgust
1404,03-01-07-02-01-01-07.wav,1404,07,disgust
1405,03-01-04-02-01-02-13.wav,1405,04,sad
1406,03-01-07-02-01-01-13.wav,1406,07,disgust
1407,03-01-04-02-01-02-07.wav,1407,04,sad
1408,03-01-03-02-01-02-17.wav,1408,03,happy
1409,03-01-03-02-01-02-03.wav,1409,03,happy
1410,03-01-03-01-02-02-03.wav,1410,03,happy
1411,03-01-03-01-02-02-17.wav,1411,03,happy
1412,03-01-07-01-02-01-13.wav,1412,07,disgust
1413,03-01-04-01-02-02-07.wav,1413,04,sad
1414,03-01-07-01-02-01-07.wav,1414,07,disgust
1415,03-01-04-01-02-02-13.wav,1415,04,sad
1416,03-01-03-02-02-02-23.wav,1416,03,happy
1417,03-01-03-01-01-02-23.wav,1417,03,happy
1418,03-01-02-02-02-01-03.wav,1418,02,calm
1419,03-01-02-02-02-01-17.wav,1419,02,calm
1420,03-01-05-02-02-01-07.wav,1420,05,angry
1421,03-01-06-02-02-02-13.wav,1421,06,fearful
1422,03-01-08-02-01-01-11.wav,1422,08,surprise
1423,03-01-08-02-01-01-05.wav,1423,08,surprise
1424,03-01-05-02-02-01-13.wav,1424,05,angry
1425,03-01-06-02-02-02-07.wav,1425,06,fearful
1426,03-01-05-01-01-01-13.wav,1426,05,angry
1427,03-01-06-01-01-02-07.wav,1427,06,fearful
1428,03-01-08-01-02-01-05.wav,1428,08,surprise
1429,03-01-08-01-02-01-11.wav,1429,08,surprise
1430,03-01-05-01-01-01-07.wav,1430,05,angry
1431,03-01-06-01-01-02-13.wav,1431,06,fearful
1432,03-01-02-01-01-01-17.wav,1432,02,calm
1433,03-01-01-01-01-02-03.wav,1433,01,nuteral
1434,03-01-02-01-01-01-03.wav,1434,02,calm
1435,03-01-01-01-01-02-17.wav,1435,01,nuteral
1436,03-01-08-02-02-01-19.wav,1436,08,surprise
1437,03-01-02-02-01-01-23.wav,1437,02,calm
1438,03-01-02-01-02-01-23.wav,1438,02,calm
1439,03-01-08-01-01-01-19.wav,1439,08,surprise
1440,03-01-01-01-02-02-23.wav,1440,01,nuteral
